<?xml version="1.0" encoding="UTF-8" ?>
<!DOCTYPE mapper
        PUBLIC "-//mybatis.org//DTD Mapper 3.0//EN"
        "http://mybatis.org/dtd/mybatis-3-mapper.dtd">
<mapper namespace="com.bookmanager.mapper.BookMapper">

    <update id="update">
        update book
        <set>
            <if test="bookname != null and bookname != ''">
                bookname = #{bookname},
            </if>
            <if test="ISBN != null and ISBN != ''">
                ISBN = #{ISBN},
            </if>
            <if test="authorname != null and authorname != ''">
                authorname = #{authorname},
            </if>
            <if test="lendNumber != null">
                lendNumber = #{lendNumber},
            </if>
            <if test="image != null and image != ''">
                image = #{image},
            </if>
            <if test="kind != null" >
                kind = #{kind},
            </if>
            <if test="releasedDate != null">
                releasedDate = #{releasedDate},
            </if>
            <if test="lendTime != null">
                lendTime = #{lendTime}
            </if>
        </set>
        where id = #{id}
    </update>

    <select id="list" resultType="com.bookmanager.pojo.Book">
        select *
        from book
        <where>
            <if test="bookname != null and bookname != ''">
                bookname like concat('%',#{bookname},'%')
            </if>
            <if test="lendNumber != null">
                and lendNumber = #{lendNumber}
            </if>
            <if test="begin != null and end != null">
                and releaseDate between #{begin} and #{end}
            </if>
        </where>
        order by lendTime desc
    </select>

    <delete id="delete">
        delete
        from book
        where id in
        <foreach collection="ids" item="id" separator="," open="(" close=")">
            #{id}
        </foreach>
    </delete>

</mapper>
